team,mean_elo,year,Conference
Clippers,,1976,West
Clippers,1441.020471,1977,West
Clippers,1407.999068,1978,West
Clippers,1444.899772,1979,West
Clippers,1468.320379,1980,West
Clippers,1437.887451,1981,West
Clippers,1375.89806,1982,West
Clippers,1352.238628,1983,West
Clippers,1400.214989,1984,West
Clippers,1412.216557,1985,West
Clippers,1379.797182,1986,West
Clippers,1309.476674,1987,West
Clippers,1269.886312,1988,West
Clippers,1273.77763,1989,West
Clippers,1380.35675,1990,West
Clippers,1384.349698,1991,West
Clippers,1479.478729,1992,West
Clippers,1522.712971,1993,West
Clippers,1413.445984,1994,West
Clippers,1309.053701,1995,West
Clippers,1381.739795,1996,West
Clippers,1422.953784,1997,West
Clippers,1328.368334,1998,West
Clippers,1277.208158,1999,West
Clippers,1276.990429,2000,West
Clippers,1358.10498,2001,West
Clippers,1498.569861,2002,West
Clippers,1425.522213,2003,West
Clippers,1428.529117,2004,West
Clippers,1460.33111,2005,West
Clippers,1536.221267,2006,West
Clippers,1513.389078,2007,West
Clippers,1417.549298,2008,West
Clippers,1327.437067,2009,West
Clippers,1365.914741,2010,West
Clippers,1387.014683,2011,West
Clippers,1540.512121,2012,West
Clippers,1629.794928,2013,West
Clippers,1650.504797,2014,West
Clippers,1658.218441,2015,West
Kings,,1976,West
Kings,1504.546349,1977,West
Kings,1462.320222,1978,West
Kings,1538.091149,1979,West
Kings,1569.431914,1980,West
Kings,1501.093219,1981,West
Kings,1418.688968,1982,West
Kings,1479.909071,1983,West
Kings,1481.981788,1984,West
Kings,1423.198074,1985,West
Kings,1442.679775,1986,West
Kings,1415.138227,1987,West
Kings,1378.10008,1988,West
Kings,1358.434485,1989,West
Kings,1359.300571,1990,West
Kings,1323.824522,1991,West
Kings,1354.069659,1992,West
Kings,1394.890084,1993,West
Kings,1365.20265,1994,West
Kings,1469.396067,1995,West
Kings,1454.617548,1996,West
Kings,1413.999689,1997,West
Kings,1416.677638,1998,West
Kings,1422.533515,1999,West
Kings,1536.340814,2000,West
Kings,1622.130037,2001,West
Kings,1665.207127,2002,West
Kings,1667.384265,2003,West
Kings,1649.249788,2004,West
Kings,1586.137238,2005,West
Kings,1519.084413,2006,West
Kings,1491.785173,2007,West
Kings,1452.709921,2008,West
Kings,1350.913254,2009,West
Kings,1348.92139,2010,West
Kings,1347.909439,2011,West
Kings,1400.865271,2012,West
Kings,1392.472628,2013,West
Kings,1415.239559,2014,West
Kings,1425.41737,2015,West
Nets,,1976,East
Nets,1422.930694,1977,East
Nets,1327.640213,1978,East
Nets,1436.312217,1979,East
Nets,1441.901259,1980,East
Nets,1379.117083,1981,East
Nets,1462.237832,1982,East
Nets,1570.302905,1983,East
Nets,1546.239168,1984,East
Nets,1521.723784,1985,East
Nets,1500.670424,1986,East
Nets,1407.76678,1987,East
Nets,1344.049601,1988,East
Nets,1369.675763,1989,East
Nets,1299.980484,1990,East
Nets,1325.846707,1991,East
Nets,1418.294144,1992,East
Nets,1514.396584,1993,East
Nets,1523.143376,1994,East
Nets,1455.170504,1995,East
Nets,1395.812132,1996,East
Nets,1358.424962,1997,East
Nets,1503.423895,1998,East
Nets,1434.21348,1999,East
Nets,1452.808033,2000,East
Nets,1391.459066,2001,East
Nets,1532.567428,2002,East
Nets,1596.189006,2003,East
Nets,1576.987198,2004,East
Nets,1455.175278,2005,East
Nets,1538.409394,2006,East
Nets,1490.266124,2007,East
Nets,1433.787499,2008,East
Nets,1441.972682,2009,East
Nets,1304.672216,2010,East
Nets,1346.320213,2011,East
Nets,1343.087142,2012,East
Nets,1504.194239,2013,East
Nets,1502.866734,2014,East
Nets,1468.861828,2015,East
Thunder,,1976,West
Thunder,1493.281883,1977,West
Thunder,1525.919013,1978,West
Thunder,1585.63143,1979,West
Thunder,1632.303859,1980,West
Thunder,1488.252217,1981,West
Thunder,1557.620312,1982,West
Thunder,1558.455818,1983,West
Thunder,1507.32056,1984,West
Thunder,1443.277515,1985,West
Thunder,1424.705779,1986,West
Thunder,1497.674672,1987,West
Thunder,1523.068357,1988,West
Thunder,1536.971514,1989,West
Thunder,1502.065146,1990,West
Thunder,1488.277151,1991,West
Thunder,1534.704275,1992,West
Thunder,1619.866011,1993,West
Thunder,1664.903267,1994,West
Thunder,1671.88902,1995,West
Thunder,1674.287599,1996,West
Thunder,1658.029515,1997,West
Thunder,1650.788668,1998,West
Thunder,1530.414272,1999,West
Thunder,1512.944171,2000,West
Thunder,1515.759324,2001,West
Thunder,1567.615449,2002,West
Thunder,1510.863334,2003,West
Thunder,1492.822165,2004,West
Thunder,1580.032686,2005,West
Thunder,1458.043191,2006,West
Thunder,1456.089043,2007,West
Thunder,1349.867572,2008,West
Thunder,1317.03461,2009,West
Thunder,1534.313947,2010,West
Thunder,1602.186554,2011,West
Thunder,1676.02451,2012,West
Thunder,1694.793246,2013,West
Thunder,1676.596672,2014,West
Thunder,1580.85194,2015,West
Pistons,,1976,East
Pistons,1503.04984,1977,East
Pistons,1466.060091,1978,East
Pistons,1439.198707,1979,East
Pistons,1362.250237,1980,East
Pistons,1296.298167,1981,East
Pistons,1466.624066,1982,East
Pistons,1492.117562,1983,East
Pistons,1543.852857,1984,East
Pistons,1573.021177,1985,East
Pistons,1532.949349,1986,East
Pistons,1590.179691,1987,East
Pistons,1642.688989,1988,East
Pistons,1671.633689,1989,East
Pistons,1682.627909,1990,East
Pistons,1606.093616,1991,East
Pistons,1542.509243,1992,East
Pistons,1487.720493,1993,East
Pistons,1380.020878,1994,East
Pistons,1336.5612,1995,East
Pistons,1475.858318,1996,East
Pistons,1604.308495,1997,East
Pistons,1525.575348,1998,East
Pistons,1566.964098,1999,East
Pistons,1543.641602,2000,East
Pistons,1447.72559,2001,East
Pistons,1520.536409,2002,East
Pistons,1586.108748,2003,East
Pistons,1614.06341,2004,East
Pistons,1613.091789,2005,East
Pistons,1690.986925,2006,East
Pistons,1614.769696,2007,East
Pistons,1651.252273,2008,East
Pistons,1532.771803,2009,East
Pistons,1396.727389,2010,East
Pistons,1391.048929,2011,East
Pistons,1380.944973,2012,East
Pistons,1410.706444,2013,East
Pistons,1401.41501,2014,East
Pistons,1407.85836,2015,East
Pelicans,,1976,West
Pelicans,,1977,West
Pelicans,,1978,West
Pelicans,,1979,West
Pelicans,,1980,West
Pelicans,,1981,West
Pelicans,,1982,West
Pelicans,,1983,West
Pelicans,,1984,West
Pelicans,,1985,West
Pelicans,,1986,West
Pelicans,,1987,West
Pelicans,,1988,West
Pelicans,1275.917012,1989,West
Pelicans,1269.995755,1990,West
Pelicans,1345.2692,1991,West
Pelicans,1394.257112,1992,West
Pelicans,1470.992412,1993,West
Pelicans,1491.782755,1994,West
Pelicans,1551.342112,1995,West
Pelicans,1497.589174,1996,West
Pelicans,1545.757745,1997,West
Pelicans,1567.960146,1998,West
Pelicans,1511.136798,1999,West
Pelicans,1561.00145,2000,West
Pelicans,1567.985664,2001,West
Pelicans,1529.51351,2002,West
Pelicans,1542.7082,2003,West
Pelicans,1514.046107,2004,West
Pelicans,1372.631874,2005,West
Pelicans,1443.967438,2006,West
Pelicans,1451.954134,2007,West
Pelicans,1596.442441,2008,West
Pelicans,1590.729437,2009,West
Pelicans,1470.542978,2010,West
Pelicans,1528.978664,2011,West
Pelicans,1419.204917,2012,West
Pelicans,1424.574637,2013,West
Pelicans,1444.298726,2014,West
Pelicans,1500.746628,2015,West
Celtics,,1976,East
Celtics,1507.140185,1977,East
Celtics,1455.133067,1978,East
Celtics,1416.933871,1979,East
Celtics,1603.686266,1980,East
Celtics,1674.921313,1981,East
Celtics,1676.539897,1982,East
Celtics,1654.103579,1983,East
Celtics,1647.147539,1984,East
Celtics,1686.32845,1985,East
Celtics,1723.489248,1986,East
Celtics,1701.847296,1987,East
Celtics,1637.97156,1988,East
Celtics,1536.398606,1989,East
Celtics,1547.215017,1990,East
Celtics,1610.772931,1991,East
Celtics,1558.60115,1992,East
Celtics,1542.131274,1993,East
Celtics,1444.515178,1994,East
Celtics,1432.748791,1995,East
Celtics,1416.791091,1996,East
Celtics,1339.361039,1997,East
Celtics,1399.552437,1998,East
Celtics,1434.95757,1999,East
Celtics,1459.953702,2000,East
Celtics,1448.977872,2001,East
Celtics,1530.33509,2002,East
Celtics,1521.860967,2003,East
Celtics,1457.156029,2004,East
Celtics,1498.233393,2005,East
Celtics,1471.004068,2006,East
Celtics,1389.886009,2007,East
Celtics,1646.746497,2008,East
Celtics,1702.122708,2009,East
Celtics,1620.729128,2010,East
Celtics,1660.339218,2011,East
Celtics,1575.956173,2012,East
Celtics,1527.482177,2013,East
Celtics,1419.620207,2014,East
Celtics,1425.519428,2015,East
Warriors,,1976,West
Warriors,1556.318678,1977,West
Warriors,1521.751535,1978,West
Warriors,1516.580137,1979,West
Warriors,1428.819457,1980,West
Warriors,1472.95942,1981,West
Warriors,1510.163452,1982,West
Warriors,1443.94533,1983,West
Warriors,1431.921167,1984,West
Warriors,1358.244329,1985,West
Warriors,1389.386121,1986,West
Warriors,1466.500891,1987,West
Warriors,1372.593704,1988,West
Warriors,1455.644247,1989,West
Warriors,1446.529423,1990,West
Warriors,1498.122036,1991,West
Warriors,1581.071177,1992,West
Warriors,1500.403387,1993,West
Warriors,1507.466192,1994,West
Warriors,1435.979033,1995,West
Warriors,1435.021007,1996,West
Warriors,1408.468828,1997,West
Warriors,1299.045004,1998,West
Warriors,1389.805034,1999,West
Warriors,1354.159604,2000,West
Warriors,1326.936695,2001,West
Warriors,1331.543804,2002,West
Warriors,1439.033482,2003,West
Warriors,1474.607626,2004,West
Warriors,1428.457785,2005,West
Warriors,1478.940004,2006,West
Warriors,1491.548144,2007,West
Warriors,1585.928845,2008,West
Warriors,1453.114605,2009,West
Warriors,1390.661835,2010,West
Warriors,1431.669861,2011,West
Warriors,1453.522577,2012,West
Warriors,1520.038988,2013,West
Warriors,1603.997369,2014,West
Warriors,1725.574764,2015,West
Trailblazers,,1976,West
Trailblazers,1566.929934,1977,West
Trailblazers,1671.745787,1978,West
Trailblazers,1524.110284,1979,West
Trailblazers,1530.487909,1980,West
Trailblazers,1495.466239,1981,West
Trailblazers,1516.554916,1982,West
Trailblazers,1529.580776,1983,West
Trailblazers,1563.241687,1984,West
Trailblazers,1533.949052,1985,West
Trailblazers,1528.492303,1986,West
Trailblazers,1546.256759,1987,West
Trailblazers,1568.262328,1988,West
Trailblazers,1524.300901,1989,West
Trailblazers,1595.714878,1990,West
Trailblazers,1671.129512,1991,West
Trailblazers,1655.321586,1992,West
Trailblazers,1597.889115,1993,West
Trailblazers,1563.448706,1994,West
Trailblazers,1565.885349,1995,West
Trailblazers,1513.267711,1996,West
Trailblazers,1547.824316,1997,West
Trailblazers,1548.43819,1998,West
Trailblazers,1586.798513,1999,West
Trailblazers,1651.631208,2000,West
Trailblazers,1629.868542,2001,West
Trailblazers,1564.271733,2002,West
Trailblazers,1587.058151,2003,West
Trailblazers,1517.672837,2004,West
Trailblazers,1448.270139,2005,West
Trailblazers,1351.862134,2006,West
Trailblazers,1384.58362,2007,West
Trailblazers,1478.443976,2008,West
Trailblazers,1569.318342,2009,West
Trailblazers,1579.263576,2010,West
Trailblazers,1544.38404,2011,West
Trailblazers,1521.553659,2012,West
Trailblazers,1459.242605,2013,West
Trailblazers,1579.064246,2014,West
Trailblazers,1616.898675,2015,West
Knicks,,1976,East
Knicks,1493.831679,1977,East
Knicks,1511.860083,1978,East
Knicks,1462.537241,1979,East
Knicks,1456.637485,1980,East
Knicks,1537.362871,1981,East
Knicks,1484.193732,1982,East
Knicks,1503.49435,1983,East
Knicks,1592.892203,1984,East
Knicks,1432.298994,1985,East
Knicks,1370.21157,1986,East
Knicks,1371.833713,1987,East
Knicks,1436.197441,1988,East
Knicks,1576.130007,1989,East
Knicks,1538.052221,1990,East
Knicks,1473.288793,1991,East
Knicks,1556.141501,1992,East
Knicks,1640.62438,1993,East
Knicks,1654.575312,1994,East
Knicks,1610.851373,1995,East
Knicks,1567.4813,1996,East
Knicks,1590.40155,1997,East
Knicks,1576.552899,1998,East
Knicks,1558.174133,1999,East
Knicks,1580.34706,2000,East
Knicks,1541.880236,2001,East
Knicks,1432.802155,2002,East
Knicks,1442.349867,2003,East
Knicks,1460.091884,2004,East
Knicks,1427.18021,2005,East
Knicks,1362.657007,2006,East
Knicks,1412.140874,2007,East
Knicks,1359.445628,2008,East
Knicks,1402.112826,2009,East
Knicks,1403.068787,2010,East
Knicks,1482.121944,2011,East
Knicks,1505.634907,2012,East
Knicks,1592.280788,2013,East
Knicks,1472.932905,2014,East
Knicks,1352.518815,2015,East
Heat,,1976,East
Heat,,1977,East
Heat,,1978,East
Heat,,1979,East
Heat,,1980,East
Heat,,1981,East
Heat,,1982,East
Heat,,1983,East
Heat,,1984,East
Heat,,1985,East
Heat,,1986,East
Heat,,1987,East
Heat,,1988,East
Heat,1223.792359,1989,East
Heat,1269.364911,1990,East
Heat,1318.852068,1991,East
Heat,1417.302093,1992,East
Heat,1447.544968,1993,East
Heat,1534.727957,1994,East
Heat,1460.71093,1995,East
Heat,1480.495781,1996,East
Heat,1625.040848,1997,East
Heat,1630.172072,1998,East
Heat,1604.374502,1999,East
Heat,1586.003814,2000,East
Heat,1569.928035,2001,East
Heat,1452.414271,2002,East
Heat,1418.22982,2003,East
Heat,1455.217045,2004,East
Heat,1634.429776,2005,East
Heat,1615.043342,2006,East
Heat,1516.943238,2007,East
Heat,1343.776463,2008,East
Heat,1452.268736,2009,East
Heat,1526.755813,2010,East
Heat,1656.639642,2011,East
Heat,1676.05188,2012,East
Heat,1703.85733,2013,East
Heat,1664.370056,2014,East
Heat,1488.709398,2015,East
Nuggets,,1976,West
Nuggets,1614.36754,1977,West
Nuggets,1548.657758,1978,West
Nuggets,1531.033965,1979,West
Nuggets,1447.595318,1980,West
Nuggets,1434.203157,1981,West
Nuggets,1502.896418,1982,West
Nuggets,1513.729962,1983,West
Nuggets,1491.751978,1984,West
Nuggets,1554.572342,1985,West
Nuggets,1554.834921,1986,West
Nuggets,1476.283334,1987,West
Nuggets,1551.11819,1988,West
Nuggets,1529.720142,1989,West
Nuggets,1494.795629,1990,West
Nuggets,1331.36582,1991,West
Nuggets,1332.767637,1992,West
Nuggets,1386.982624,1993,West
Nuggets,1515.564019,1994,West
Nuggets,1531.567551,1995,West
Nuggets,1469.251376,1996,West
Nuggets,1361.840887,1997,West
Nuggets,1225.104035,1998,West
Nuggets,1295.301208,1999,West
Nuggets,1406.128699,2000,West
Nuggets,1468.687539,2001,West
Nuggets,1412.629799,2002,West
Nuggets,1336.392076,2003,West
Nuggets,1482.315809,2004,West
Nuggets,1525.74478,2005,West
Nuggets,1532.535443,2006,West
Nuggets,1516.088283,2007,West
Nuggets,1575.703791,2008,West
Nuggets,1605.673822,2009,West
Nuggets,1626.186017,2010,West
Nuggets,1587.60818,2011,West
Nuggets,1581.970653,2012,West
Nuggets,1622.207916,2013,West
Nuggets,1514.094113,2014,West
Nuggets,1447.915806,2015,West
Mavericks,,1976,West
Mavericks,,1977,West
Mavericks,,1978,West
Mavericks,,1979,West
Mavericks,,1980,West
Mavericks,1240.409752,1981,West
Mavericks,1338.243474,1982,West
Mavericks,1462.72659,1983,West
Mavericks,1498.375551,1984,West
Mavericks,1523.199072,1985,West
Mavericks,1524.248751,1986,West
Mavericks,1606.841473,1987,West
Mavericks,1591.942675,1988,West
Mavericks,1492.997216,1989,West
Mavericks,1473.113514,1990,West
Mavericks,1420.642824,1991,West
Mavericks,1326.521454,1992,West
Mavericks,1187.30434,1993,West
Mavericks,1221.580973,1994,West
Mavericks,1400.622473,1995,West
Mavericks,1392.827591,1996,West
Mavericks,1345.329567,1997,West
Mavericks,1314.571302,1998,West
Mavericks,1373.153966,1999,West
Mavericks,1456.926793,2000,West
Mavericks,1583.788801,2001,West
Mavericks,1618.021358,2002,West
Mavericks,1690.315929,2003,West
Mavericks,1617.056707,2004,West
Mavericks,1630.707103,2005,West
Mavericks,1677.100869,2006,West
Mavericks,1695.088325,2007,West
Mavericks,1617.963343,2008,West
Mavericks,1571.632951,2009,West
Mavericks,1601.472668,2010,West
Mavericks,1635.174735,2011,West
Mavericks,1591.257616,2012,West
Mavericks,1494.828823,2013,West
Mavericks,1564.178958,2014,West
Mavericks,1598.191924,2015,West
Pacers,,1976,East
Pacers,1480.441051,1977,East
Pacers,1444.203291,1978,East
Pacers,1449.520594,1979,East
Pacers,1477.249406,1980,East
Pacers,1524.002619,1981,East
Pacers,1484.41298,1982,East
Pacers,1370.178173,1983,East
Pacers,1369.959651,1984,East
Pacers,1379.478573,1985,East
Pacers,1398.509935,1986,East
Pacers,1481.27008,1987,East
Pacers,1498.958194,1988,East
Pacers,1418.830026,1989,East
Pacers,1485.063093,1990,East
Pacers,1473.141082,1991,East
Pacers,1508.707281,1992,East
Pacers,1519.131088,1993,East
Pacers,1561.008204,1994,East
Pacers,1610.786072,1995,East
Pacers,1590.329808,1996,East
Pacers,1538.100183,1997,East
Pacers,1627.50064,1998,East
Pacers,1628.270989,1999,East
Pacers,1626.897055,2000,East
Pacers,1519.2949,2001,East
Pacers,1496.156832,2002,East
Pacers,1552.483733,2003,East
Pacers,1613.831215,2004,East
Pacers,1544.673617,2005,East
Pacers,1526.960995,2006,East
Pacers,1464.292348,2007,East
Pacers,1437.090667,2008,East
Pacers,1464.133691,2009,East
Pacers,1427.382041,2010,East
Pacers,1481.152044,2011,East
Pacers,1553.134978,2012,East
Pacers,1579.537822,2013,East
Pacers,1614.165595,2014,East
Pacers,1478.133426,2015,East
Timberwolves,,1976,West
Timberwolves,,1977,West
Timberwolves,,1978,West
Timberwolves,,1979,West
Timberwolves,,1980,West
Timberwolves,,1981,West
Timberwolves,,1982,West
Timberwolves,,1983,West
Timberwolves,,1984,West
Timberwolves,,1985,West
Timberwolves,,1986,West
Timberwolves,,1987,West
Timberwolves,,1988,West
Timberwolves,,1989,West
Timberwolves,1319.018826,1990,West
Timberwolves,1364.990391,1991,West
Timberwolves,1324.421048,1992,West
Timberwolves,1302.151255,1993,West
Timberwolves,1320.97106,1994,West
Timberwolves,1292.368702,1995,West
Timberwolves,1352.322213,1996,West
Timberwolves,1431.125604,1997,West
Timberwolves,1481.692325,1998,West
Timberwolves,1507.41502,1999,West
Timberwolves,1519.958124,2000,West
Timberwolves,1549.998531,2001,West
Timberwolves,1591.323964,2002,West
Timberwolves,1561.595127,2003,West
Timberwolves,1635.183112,2004,West
Timberwolves,1556.03122,2005,West
Timberwolves,1493.870141,2006,West
Timberwolves,1445.952661,2007,West
Timberwolves,1330.205313,2008,West
Timberwolves,1368.517116,2009,West
Timberwolves,1302.678148,2010,West
Timberwolves,1314.617607,2011,West
Timberwolves,1428.964397,2012,West
Timberwolves,1435.857071,2013,West
Timberwolves,1542.609841,2014,West
Timberwolves,1365.595607,2015,West
Hawks,,1976,East
Hawks,1379.6318,1977,East
Hawks,1479.272642,1978,East
Hawks,1532.812581,1979,East
Hawks,1582.318659,1980,East
Hawks,1472.062289,1981,East
Hawks,1480.719411,1982,East
Hawks,1506.2671,1983,East
Hawks,1483.151746,1984,East
Hawks,1470.796552,1985,East
Hawks,1529.003482,1986,East
Hawks,1632.847521,1987,East
Hawks,1611.226438,1988,East
Hawks,1591.544524,1989,East
Hawks,1512.749616,1990,East
Hawks,1523.494137,1991,East
Hawks,1485.461818,1992,East
Hawks,1472.775109,1993,East
Hawks,1601.365422,1994,East
Hawks,1524.822756,1995,East
Hawks,1527.948074,1996,East
Hawks,1610.383203,1997,East
Hawks,1589.780307,1998,East
Hawks,1584.03129,1999,East
Hawks,1447.593323,2000,East
Hawks,1355.30758,2001,East
Hawks,1388.13551,2002,East
Hawks,1423.280326,2003,East
Hawks,1400.816421,2004,East
Hawks,1302.470062,2005,East
Hawks,1309.496005,2006,East
Hawks,1388.682174,2007,East
Hawks,1437.814691,2008,East
Hawks,1523.054848,2009,East
Hawks,1586.738111,2010,East
Hawks,1536.164694,2011,East
Hawks,1539.064626,2012,East
Hawks,1525.019374,2013,East
Hawks,1480.995215,2014,East
Hawks,1607.266844,2015,East
Lakers,,1976,West
Lakers,1555.701115,1977,West
Lakers,1551.652542,1978,West
Lakers,1583.438171,1979,West
Lakers,1625.227039,1980,West
Lakers,1637.26848,1981,West
Lakers,1614.328182,1982,West
Lakers,1654.081048,1983,West
Lakers,1594.018928,1984,West
Lakers,1663.092693,1985,West
Lakers,1693.393727,1986,West
Lakers,1687.776324,1987,West
Lakers,1680.288785,1988,West
Lakers,1644.043306,1989,West
Lakers,1668.294853,1990,West
Lakers,1651.466009,1991,West
Lakers,1530.142309,1992,West
Lakers,1470.810513,1993,West
Lakers,1415.769207,1994,West
Lakers,1509.759732,1995,West
Lakers,1573.46668,1996,West
Lakers,1606.826232,1997,West
Lakers,1656.877325,1998,West
Lakers,1619.301572,1999,West
Lakers,1679.23527,2000,West
Lakers,1635.38671,2001,West
Lakers,1693.717248,2002,West
Lakers,1602.58707,2003,West
Lakers,1631.251949,2004,West
Lakers,1521.765263,2005,West
Lakers,1520.805517,2006,West
Lakers,1533.007732,2007,West
Lakers,1636.118051,2008,West
Lakers,1720.708067,2009,West
Lakers,1684.198952,2010,West
Lakers,1652.444958,2011,West
Lakers,1593.565124,2012,West
Lakers,1535.159237,2013,West
Lakers,1414.011072,2014,West
Lakers,1372.522491,2015,West
Rockets,,1976,West
Rockets,1537.750832,1977,West
Rockets,1458.076421,1978,West
Rockets,1485.379045,1979,West
Rockets,1506.08609,1980,West
Rockets,1491.72829,1981,West
Rockets,1514.777378,1982,West
Rockets,1322.894728,1983,West
Rockets,1379.290776,1984,West
Rockets,1500.340992,1985,West
Rockets,1561.490126,1986,West
Rockets,1531.810321,1987,West
Rockets,1551.622481,1988,West
Rockets,1513.795659,1989,West
Rockets,1498.9068,1990,West
Rockets,1560.523121,1991,West
Rockets,1487.901584,1992,West
Rockets,1558.365465,1993,West
Rockets,1629.54517,1994,West
Rockets,1599.65839,1995,West
Rockets,1596.499257,1996,West
Rockets,1590.419755,1997,West
Rockets,1534.058786,1998,West
Rockets,1518.030596,1999,West
Rockets,1460.822276,2000,West
Rockets,1541.56015,2001,West
Rockets,1456.771524,2002,West
Rockets,1501.516293,2003,West
Rockets,1565.160455,2004,West
Rockets,1569.583852,2005,West
Rockets,1511.103716,2006,West
Rockets,1579.494867,2007,West
Rockets,1605.168906,2008,West
Rockets,1616.980955,2009,West
Rockets,1562.385991,2010,West
Rockets,1514.958556,2011,West
Rockets,1528.053267,2012,West
Rockets,1559.061265,2013,West
Rockets,1613.069651,2014,West
Rockets,1623.45014,2015,West
Hornets,,1976,East
Hornets,,1977,East
Hornets,,1978,East
Hornets,,1979,East
Hornets,,1980,East
Hornets,,1981,East
Hornets,,1982,East
Hornets,,1983,East
Hornets,,1984,East
Hornets,,1985,East
Hornets,,1986,East
Hornets,,1987,East
Hornets,,1988,East
Hornets,,1989,East
Hornets,,1990,East
Hornets,,1991,East
Hornets,,1992,East
Hornets,,1993,East
Hornets,,1994,East
Hornets,,1995,East
Hornets,,1996,East
Hornets,,1997,East
Hornets,,1998,East
Hornets,,1999,East
Hornets,,2000,East
Hornets,,2001,East
Hornets,,2002,East
Hornets,,2003,East
Hornets,,2004,East
Hornets,1278.091346,2005,East
Hornets,1354.564093,2006,East
Hornets,1403.588344,2007,East
Hornets,1418.034852,2008,East
Hornets,1448.594838,2009,East
Hornets,1516.715051,2010,East
Hornets,1453.895448,2011,East
Hornets,1284.182042,2012,East
Hornets,1260.204443,2013,East
Hornets,1436.816938,2014,East
Hornets,1453.936143,2015,East
Magic,,1976,East
Magic,,1977,East
Magic,,1978,East
Magic,,1979,East
Magic,,1980,East
Magic,,1981,East
Magic,,1982,East
Magic,,1983,East
Magic,,1984,East
Magic,,1985,East
Magic,,1986,East
Magic,,1987,East
Magic,,1988,East
Magic,,1989,East
Magic,1296.911604,1990,East
Magic,1334.833054,1991,East
Magic,1351.068398,1992,East
Magic,1469.903932,1993,East
Magic,1561.438362,1994,East
Magic,1637.925453,1995,East
Magic,1620.144123,1996,East
Magic,1536.98469,1997,East
Magic,1479.824673,1998,East
Magic,1561.24573,1999,East
Magic,1510.475856,2000,East
Magic,1512.159681,2001,East
Magic,1524.511334,2002,East
Magic,1497.484675,2003,East
Magic,1373.41915,2004,East
Magic,1420.993727,2005,East
Magic,1412.343396,2006,East
Magic,1495.322921,2007,East
Magic,1573.343654,2008,East
Magic,1649.763389,2009,East
Magic,1663.344818,2010,East
Magic,1643.274701,2011,East
Magic,1558.411063,2012,East
Magic,1357.133771,2013,East
Magic,1331.74727,2014,East
Magic,1339.426594,2015,East
Raptors,,1976,East
Raptors,,1977,East
Raptors,,1978,East
Raptors,,1979,East
Raptors,,1980,East
Raptors,,1981,East
Raptors,,1982,East
Raptors,,1983,East
Raptors,,1984,East
Raptors,,1985,East
Raptors,,1986,East
Raptors,,1987,East
Raptors,,1988,East
Raptors,,1989,East
Raptors,,1990,East
Raptors,,1991,East
Raptors,,1992,East
Raptors,,1993,East
Raptors,,1994,East
Raptors,,1995,East
Raptors,1299.418228,1996,East
Raptors,1370.156026,1997,East
Raptors,1327.962966,1998,East
Raptors,1396.84903,1999,East
Raptors,1496.565662,2000,East
Raptors,1529.84481,2001,East
Raptors,1520.003,2002,East
Raptors,1396.057667,2003,East
Raptors,1404.130305,2004,East
Raptors,1428.540599,2005,East
Raptors,1406.300637,2006,East
Raptors,1482.303253,2007,East
Raptors,1537.957585,2008,East
Raptors,1456.457921,2009,East
Raptors,1476.768113,2010,East
Raptors,1377.731262,2011,East
Raptors,1368.272135,2012,East
Raptors,1434.183488,2013,East
Raptors,1550.174938,2014,East
Raptors,1571.733044,2015,East
Bulls,,1976,East
Bulls,1467.795241,1977,East
Bulls,1535.310843,1978,East
Bulls,1412.738566,1979,East
Bulls,1418.871206,1980,East
Bulls,1505.60262,1981,East
Bulls,1483.360607,1982,East
Bulls,1416.600552,1983,East
Bulls,1414.024704,1984,East
Bulls,1448.465016,1985,East
Bulls,1413.115688,1986,East
Bulls,1485.52184,1987,East
Bulls,1564.953238,1988,East
Bulls,1559.536881,1989,East
Bulls,1591.058232,1990,East
Bulls,1678.635937,1991,East
Bulls,1753.427953,1992,East
Bulls,1681.675528,1993,East
Bulls,1616.152185,1994,East
Bulls,1576.996724,1995,East
Bulls,1744.261468,1996,East
Bulls,1788.639541,1997,East
Bulls,1713.190981,1998,East
Bulls,1496.791292,1999,East
Bulls,1307.133348,2000,East
Bulls,1262.646874,2001,East
Bulls,1292.642778,2002,East
Bulls,1364.242891,2003,East
Bulls,1354.47292,2004,East
Bulls,1463.04173,2005,East
Bulls,1501.319601,2006,East
Bulls,1574.822348,2007,East
Bulls,1480.939832,2008,East
Bulls,1474.261547,2009,East
Bulls,1484.360175,2010,East
Bulls,1617.495057,2011,East
Bulls,1670.792507,2012,East
Bulls,1549.858898,2013,East
Bulls,1527.978321,2014,East
Bulls,1572.001603,2015,East
Bucks,,1976,East
Bucks,1407.915283,1977,East
Bucks,1489.612186,1978,East
Bucks,1505.302772,1979,East
Bucks,1560.956455,1980,East
Bucks,1652.09751,1981,East
Bucks,1638.659175,1982,East
Bucks,1607.771231,1983,East
Bucks,1581.832148,1984,East
Bucks,1642.374094,1985,East
Bucks,1662.791339,1986,East
Bucks,1606.329582,1987,East
Bucks,1555.839748,1988,East
Bucks,1573.912869,1989,East
Bucks,1514.198691,1990,East
Bucks,1532.888546,1991,East
Bucks,1470.480965,1992,East
Bucks,1416.508332,1993,East
Bucks,1344.409726,1994,East
Bucks,1368.604789,1995,East
Bucks,1378.25956,1996,East
Bucks,1428.686406,1997,East
Bucks,1457.075479,1998,East
Bucks,1502.507528,1999,East
Bucks,1517.139216,2000,East
Bucks,1567.564848,2001,East
Bucks,1549.537811,2002,East
Bucks,1482.206253,2003,East
Bucks,1513.409146,2004,East
Bucks,1440.833101,2005,East
Bucks,1445.258757,2006,East
Bucks,1432.91763,2007,East
Bucks,1367.535362,2008,East
Bucks,1423.410122,2009,East
Bucks,1498.862657,2010,East
Bucks,1487.751822,2011,East
Bucks,1494.730459,2012,East
Bucks,1481.607949,2013,East
Bucks,1319.098439,2014,East
Bucks,1455.580692,2015,East
Wizards,,1976,East
Wizards,1544.30948,1977,East
Wizards,1547.378444,1978,East
Wizards,1619.883042,1979,East
Wizards,1462.355895,1980,East
Wizards,1488.012855,1981,East
Wizards,1528.86029,1982,East
Wizards,1512.059011,1983,East
Wizards,1487.4012,1984,East
Wizards,1493.917678,1985,East
Wizards,1483.466552,1986,East
Wizards,1497.904487,1987,East
Wizards,1479.764855,1988,East
Wizards,1456.258112,1989,East
Wizards,1438.657394,1990,East
Wizards,1394.755533,1991,East
Wizards,1376.82213,1992,East
Wizards,1351.157137,1993,East
Wizards,1344.02314,1994,East
Wizards,1332.692843,1995,East
Wizards,1453.50843,1996,East
Wizards,1507.436949,1997,East
Wizards,1524.347276,1998,East
Wizards,1473.80999,1999,East
Wizards,1415.367671,2000,East
Wizards,1349.958748,2001,East
Wizards,1426.178027,2002,East
Wizards,1472.80242,2003,East
Wizards,1381.45747,2004,East
Wizards,1470.642795,2005,East
Wizards,1502.917217,2006,East
Wizards,1518.846599,2007,East
Wizards,1479.020053,2008,East
Wizards,1363.856463,2009,East
Wizards,1368.746685,2010,East
Wizards,1337.422607,2011,East
Wizards,1331.522274,2012,East
Wizards,1408.25353,2013,East
Wizards,1506.582302,2014,East
Wizards,1538.861441,2015,East
Sixers,,1976,East
Sixers,1577.682759,1977,East
Sixers,1626.273401,1978,East
Sixers,1566.770238,1979,East
Sixers,1621.905455,1980,East
Sixers,1693.654719,1981,East
Sixers,1658.705875,1982,East
Sixers,1718.299387,1983,East
Sixers,1628.752578,1984,East
Sixers,1635.487339,1985,East
Sixers,1597.349374,1986,East
Sixers,1544.74933,1987,East
Sixers,1490.483176,1988,East
Sixers,1518.023815,1989,East
Sixers,1564.868248,1990,East
Sixers,1523.57362,1991,East
Sixers,1469.141993,1992,East
Sixers,1392.179867,1993,East
Sixers,1381.289578,1994,East
Sixers,1349.774585,1995,East
Sixers,1282.58064,1996,East
Sixers,1326.05699,1997,East
Sixers,1392.47304,1998,East
Sixers,1531.240171,1999,East
Sixers,1536.228391,2000,East
Sixers,1609.69539,2001,East
Sixers,1542.552334,2002,East
Sixers,1550.85881,2003,East
Sixers,1475.350411,2004,East
Sixers,1456.459863,2005,East
Sixers,1466.710662,2006,East
Sixers,1425.315816,2007,East
Sixers,1483.596747,2008,East
Sixers,1503.048865,2009,East
Sixers,1425.450182,2010,East
Sixers,1494.00887,2011,East
Sixers,1554.730219,2012,East
Sixers,1448.77977,2013,East
Sixers,1312.853073,2014,East
Sixers,1281.621929,2015,East
Suns,,1976,West
Suns,1501.72784,1977,West
Suns,1556.831955,1978,West
Suns,1575.432165,1979,West
Suns,1597.426397,1980,West
Suns,1635.902797,1981,West
Suns,1558.873288,1982,West
Suns,1583.832301,1983,West
Suns,1523.190902,1984,West
Suns,1494.945208,1985,West
Suns,1431.918567,1986,West
Suns,1428.177327,1987,West
Suns,1408.715621,1988,West
Suns,1567.598784,1989,West
Suns,1628.483618,1990,West
Suns,1634.32207,1991,West
Suns,1600.597316,1992,West
Suns,1658.002742,1993,West
Suns,1632.841875,1994,West
Suns,1620.018216,1995,West
Suns,1531.447363,1996,West
Suns,1478.232334,1997,West
Suns,1572.806619,1998,West
Suns,1547.294411,1999,West
Suns,1593.885824,2000,West
Suns,1581.416744,2001,West
Suns,1521.167855,2002,West
Suns,1523.198288,2003,West
Suns,1449.064352,2004,West
Suns,1637.282713,2005,West
Suns,1640.640762,2006,West
Suns,1657.346649,2007,West
Suns,1636.349955,2008,West
Suns,1560.11601,2009,West
Suns,1591.471751,2010,West
Suns,1545.396268,2011,West
Suns,1505.780318,2012,West
Suns,1433.06105,2013,West
Suns,1513.419282,2014,West
Suns,1540.292552,2015,West
Spurs,,1976,West
Spurs,1540.992088,1977,West
Spurs,1561.10845,1978,West
Spurs,1587.281703,1979,West
Spurs,1511.213944,1980,West
Spurs,1550.274163,1981,West
Spurs,1539.101137,1982,West
Spurs,1561.982617,1983,West
Spurs,1506.680652,1984,West
Spurs,1491.797841,1985,West
Spurs,1488.762602,1986,West
Spurs,1387.010446,1987,West
Spurs,1407.302772,1988,West
Spurs,1354.478795,1989,West
Spurs,1511.222053,1990,West
Spurs,1608.84394,1991,West
Spurs,1576.994062,1992,West
Spurs,1559.551632,1993,West
Spurs,1604.254652,1994,West
Spurs,1641.031291,1995,West
Spurs,1642.494316,1996,West
Spurs,1377.812094,1997,West
Spurs,1527.231027,1998,West
Spurs,1654.838824,1999,West
Spurs,1655.961603,2000,West
Spurs,1664.290709,2001,West
Spurs,1658.331764,2002,West
Spurs,1663.966173,2003,West
Spurs,1688.949664,2004,West
Spurs,1713.914579,2005,West
Spurs,1683.89564,2006,West
Spurs,1679.972167,2007,West
Spurs,1657.043649,2008,West
Spurs,1616.216813,2009,West
Spurs,1600.585516,2010,West
Spurs,1662.858452,2011,West
Spurs,1651.090535,2012,West
Spurs,1688.148664,2013,West
Spurs,1696.6352,2014,West
Spurs,1676.873043,2015,West
Jazz,,1976,West
Jazz,1451.155473,1977,West
Jazz,1451.686409,1978,West
Jazz,1408.671885,1979,West
Jazz,1367.076537,1980,West
Jazz,1378.845524,1981,West
Jazz,1355.581689,1982,West
Jazz,1387.218106,1983,West
Jazz,1492.847201,1984,West
Jazz,1495.013512,1985,West
Jazz,1496.509398,1986,West
Jazz,1511.104221,1987,West
Jazz,1538.615596,1988,West
Jazz,1570.096301,1989,West
Jazz,1573.74706,1990,West
Jazz,1581.733986,1991,West
Jazz,1605.290364,1992,West
Jazz,1557.095328,1993,West
Jazz,1582.812204,1994,West
Jazz,1650.041374,1995,West
Jazz,1641.59337,1996,West
Jazz,1688.444905,1997,West
Jazz,1683.913161,1998,West
Jazz,1677.70427,1999,West
Jazz,1605.63984,2000,West
Jazz,1610.035649,2001,West
Jazz,1554.410295,2002,West
Jazz,1557.657193,2003,West
Jazz,1497.399938,2004,West
Jazz,1435.857815,2005,West
Jazz,1436.476972,2006,West
Jazz,1572.610591,2007,West
Jazz,1625.511663,2008,West
Jazz,1588.851747,2009,West
Jazz,1599.006501,2010,West
Jazz,1530.208,2011,West
Jazz,1498.858319,2012,West
Jazz,1518.388601,2013,West
Jazz,1421.708791,2014,West
Jazz,1448.438661,2015,West
Cavaliers,,1976,East
Cavaliers,1542.220125,1977,East
Cavaliers,1501.534436,1978,East
Cavaliers,1453.971685,1979,East
Cavaliers,1452.182884,1980,East
Cavaliers,1436.328095,1981,East
Cavaliers,1317.295115,1982,East
Cavaliers,1292.650801,1983,East
Cavaliers,1388.952906,1984,East
Cavaliers,1415.781414,1985,East
Cavaliers,1475.114017,1986,East
Cavaliers,1414.262561,1987,East
Cavaliers,1499.908626,1988,East
Cavaliers,1646.960037,1989,East
Cavaliers,1492.745107,1990,East
Cavaliers,1438.99498,1991,East
Cavaliers,1584.119731,1992,East
Cavaliers,1632.6234,1993,East
Cavaliers,1580.306072,1994,East
Cavaliers,1539.758476,1995,East
Cavaliers,1516.072251,1996,East
Cavaliers,1539.843777,1997,East
Cavaliers,1555.889319,1998,East
Cavaliers,1523.946222,1999,East
Cavaliers,1433.259683,2000,East
Cavaliers,1415.925218,2001,East
Cavaliers,1388.205215,2002,East
Cavaliers,1316.749459,2003,East
Cavaliers,1384.709493,2004,East
Cavaliers,1492.122415,2005,East
Cavaliers,1535.609254,2006,East
Cavaliers,1569.039345,2007,East
Cavaliers,1531.466191,2008,East
Cavaliers,1686.19549,2009,East
Cavaliers,1715.134781,2010,East
Cavaliers,1375.16127,2011,East
Cavaliers,1365.733179,2012,East
Cavaliers,1351.438756,2013,East
Cavaliers,1387.190009,2014,East
Cavaliers,1570.473239,2015,East
Grizzlies,,1976,West
Grizzlies,,1977,West
Grizzlies,,1978,West
Grizzlies,,1979,West
Grizzlies,,1980,West
Grizzlies,,1981,West
Grizzlies,,1982,West
Grizzlies,,1983,West
Grizzlies,,1984,West
Grizzlies,,1985,West
Grizzlies,,1986,West
Grizzlies,,1987,West
Grizzlies,,1988,West
Grizzlies,,1989,West
Grizzlies,,1990,West
Grizzlies,,1991,West
Grizzlies,,1992,West
Grizzlies,,1993,West
Grizzlies,,1994,West
Grizzlies,,1995,West
Grizzlies,1234.12142,1996,West
Grizzlies,1236.710239,1997,West
Grizzlies,1281.099133,1998,West
Grizzlies,1266.559498,1999,West
Grizzlies,1319.889194,2000,West
Grizzlies,1376.9194,2001,West
Grizzlies,1342.825459,2002,West
Grizzlies,1386.720902,2003,West
Grizzlies,1541.556879,2004,West
Grizzlies,1560.063485,2005,West
Grizzlies,1560.119552,2006,West
Grizzlies,1418.1789,2007,West
Grizzlies,1369.26685,2008,West
Grizzlies,1332.244848,2009,West
Grizzlies,1469.021185,2010,West
Grizzlies,1531.019875,2011,West
Grizzlies,1584.602707,2012,West
Grizzlies,1622.590299,2013,West
Grizzlies,1571.982848,2014,West
Grizzlies,1620.678526,2015,West
